"filename", "language", "TypeScript", "JSON with Comments", "JavaScript", "TypeScript JSX", "CSS", "JSON", "Markdown", "XML", "comment", "blank", "total"
"/Users/akkaracha/Developer/moota-website/README.md", "Markdown", 0, 0, 0, 0, 0, 0, 23, 0, 0, 14, 37
"/Users/akkaracha/Developer/moota-website/bun.lock", "JSON with Comments", 0, 659, 0, 0, 0, 0, 0, 0, 0, 598, 1257
"/Users/akkaracha/Developer/moota-website/components.json", "JSON", 0, 0, 0, 0, 0, 21, 0, 0, 0, 0, 21
"/Users/akkaracha/Developer/moota-website/drizzle.config.ts", "TypeScript", 11, 0, 0, 0, 0, 0, 0, 0, 0, 3, 14
"/Users/akkaracha/Developer/moota-website/eslint.config.mjs", "JavaScript", 0, 0, 12, 0, 0, 0, 0, 0, 0, 5, 17
"/Users/akkaracha/Developer/moota-website/next.config.ts", "TypeScript", 14, 0, 0, 0, 0, 0, 0, 0, 0, 3, 17
"/Users/akkaracha/Developer/moota-website/package-lock.json", "JSON", 0, 0, 0, 0, 0, 6179, 0, 0, 0, 1, 6180
"/Users/akkaracha/Developer/moota-website/package.json", "JSON", 0, 0, 0, 0, 0, 66, 0, 0, 0, 1, 67
"/Users/akkaracha/Developer/moota-website/postcss.config.mjs", "JavaScript", 0, 0, 4, 0, 0, 0, 0, 0, 0, 2, 6
"/Users/akkaracha/Developer/moota-website/public/file.svg", "XML", 0, 0, 0, 0, 0, 0, 0, 1, 0, 0, 1
"/Users/akkaracha/Developer/moota-website/public/globe.svg", "XML", 0, 0, 0, 0, 0, 0, 0, 1, 0, 0, 1
"/Users/akkaracha/Developer/moota-website/public/next.svg", "XML", 0, 0, 0, 0, 0, 0, 0, 1, 0, 0, 1
"/Users/akkaracha/Developer/moota-website/public/vercel.svg", "XML", 0, 0, 0, 0, 0, 0, 0, 1, 0, 0, 1
"/Users/akkaracha/Developer/moota-website/public/window.svg", "XML", 0, 0, 0, 0, 0, 0, 0, 1, 0, 0, 1
"/Users/akkaracha/Developer/moota-website/src/app/(admin)/admin/actives/checkout/[activeId]/layout.tsx", "TypeScript JSX", 0, 0, 0, 19, 0, 0, 0, 0, 0, 4, 23
"/Users/akkaracha/Developer/moota-website/src/app/(admin)/admin/actives/checkout/[activeId]/page.tsx", "TypeScript JSX", 0, 0, 0, 401, 0, 0, 0, 0, 12, 37, 450
"/Users/akkaracha/Developer/moota-website/src/app/(admin)/admin/actives/orders/[activeInfoId]/page.tsx", "TypeScript JSX", 0, 0, 0, 39, 0, 0, 0, 0, 1, 9, 49
"/Users/akkaracha/Developer/moota-website/src/app/(admin)/admin/actives/page.tsx", "TypeScript JSX", 0, 0, 0, 64, 0, 0, 0, 0, 0, 7, 71
"/Users/akkaracha/Developer/moota-website/src/app/(admin)/admin/checkout-history/[checkoutId]/page.tsx", "TypeScript JSX", 0, 0, 0, 145, 0, 0, 0, 0, 2, 14, 161
"/Users/akkaracha/Developer/moota-website/src/app/(admin)/admin/checkout-history/client.tsx", "TypeScript JSX", 0, 0, 0, 84, 0, 0, 0, 0, 1, 11, 96
"/Users/akkaracha/Developer/moota-website/src/app/(admin)/admin/checkout-history/page.tsx", "TypeScript JSX", 0, 0, 0, 11, 0, 0, 0, 0, 0, 3, 14
"/Users/akkaracha/Developer/moota-website/src/app/(admin)/admin/layout.tsx", "TypeScript JSX", 0, 0, 0, 13, 0, 0, 0, 0, 2, 3, 18
"/Users/akkaracha/Developer/moota-website/src/app/(admin)/admin/pre-orders/[preOrderId]/page.tsx", "TypeScript JSX", 0, 0, 0, 103, 0, 0, 0, 0, 0, 10, 113
"/Users/akkaracha/Developer/moota-website/src/app/(admin)/admin/pre-orders/page.tsx", "TypeScript JSX", 0, 0, 0, 42, 0, 0, 0, 0, 0, 6, 48
"/Users/akkaracha/Developer/moota-website/src/app/(admin)/admin/stocks/detail/[productId]/page.tsx", "TypeScript JSX", 0, 0, 0, 188, 0, 0, 0, 0, 2, 16, 206
"/Users/akkaracha/Developer/moota-website/src/app/(admin)/admin/stocks/history/client.tsx", "TypeScript JSX", 0, 0, 0, 80, 0, 0, 0, 0, 0, 10, 90
"/Users/akkaracha/Developer/moota-website/src/app/(admin)/admin/stocks/history/page.tsx", "TypeScript JSX", 0, 0, 0, 11, 0, 0, 0, 0, 0, 3, 14
"/Users/akkaracha/Developer/moota-website/src/app/(admin)/admin/stocks/page.tsx", "TypeScript JSX", 0, 0, 0, 87, 0, 0, 0, 0, 1, 6, 94
"/Users/akkaracha/Developer/moota-website/src/app/(admin)/admin/tables/page.tsx", "TypeScript JSX", 0, 0, 0, 104, 0, 0, 0, 0, 1, 11, 116
"/Users/akkaracha/Developer/moota-website/src/app/(admin)/owner/dashboard/page.tsx", "TypeScript JSX", 0, 0, 0, 65, 0, 0, 0, 0, 1, 10, 76
"/Users/akkaracha/Developer/moota-website/src/app/(admin)/owner/layout.tsx", "TypeScript JSX", 0, 0, 0, 11, 0, 0, 0, 0, 2, 3, 16
"/Users/akkaracha/Developer/moota-website/src/app/(auth)/layout.tsx", "TypeScript JSX", 0, 0, 0, 11, 0, 0, 0, 0, 0, 3, 14
"/Users/akkaracha/Developer/moota-website/src/app/(auth)/signin/page.tsx", "TypeScript JSX", 0, 0, 0, 11, 0, 0, 0, 0, 0, 3, 14
"/Users/akkaracha/Developer/moota-website/src/app/(auth)/signup/page.tsx", "TypeScript JSX", 0, 0, 0, 11, 0, 0, 0, 0, 0, 3, 14
"/Users/akkaracha/Developer/moota-website/src/app/(client)/layout.tsx", "TypeScript JSX", 0, 0, 0, 11, 0, 0, 0, 0, 0, 3, 14
"/Users/akkaracha/Developer/moota-website/src/app/(client)/page.tsx", "TypeScript JSX", 0, 0, 0, 15, 0, 0, 0, 0, 0, 3, 18
"/Users/akkaracha/Developer/moota-website/src/app/(client)/pre-orders/page.tsx", "TypeScript JSX", 0, 0, 0, 36, 0, 0, 0, 0, 0, 7, 43
"/Users/akkaracha/Developer/moota-website/src/app/(client)/reservation/info/[preOrderId]/page.tsx", "TypeScript JSX", 0, 0, 0, 243, 0, 0, 0, 0, 3, 21, 267
"/Users/akkaracha/Developer/moota-website/src/app/(client)/reservation/page.tsx", "TypeScript JSX", 0, 0, 0, 223, 0, 0, 0, 0, 0, 12, 235
"/Users/akkaracha/Developer/moota-website/src/app/api/[[...route]]/route.ts", "TypeScript", 36, 0, 0, 0, 0, 0, 0, 0, 6, 10, 52
"/Users/akkaracha/Developer/moota-website/src/app/api/auth/[...kindeAuth]/route.ts", "TypeScript", 3, 0, 0, 0, 0, 0, 0, 0, 0, 2, 5
"/Users/akkaracha/Developer/moota-website/src/app/api/auth/[kindeAuth]/route.ts", "TypeScript", 3, 0, 0, 0, 0, 0, 0, 0, 0, 1, 4
"/Users/akkaracha/Developer/moota-website/src/app/globals.css", "CSS", 0, 0, 0, 0, 135, 0, 0, 0, 8, 8, 151
"/Users/akkaracha/Developer/moota-website/src/app/layout.tsx", "TypeScript JSX", 0, 0, 0, 42, 0, 0, 0, 0, 0, 5, 47
"/Users/akkaracha/Developer/moota-website/src/components/AboutSection.tsx", "TypeScript JSX", 0, 0, 0, 54, 0, 0, 0, 0, 0, 5, 59
"/Users/akkaracha/Developer/moota-website/src/components/AdminPageWrapper.tsx", "TypeScript JSX", 0, 0, 0, 19, 0, 0, 0, 0, 0, 4, 23
"/Users/akkaracha/Developer/moota-website/src/components/AlertDialogCustom.tsx", "TypeScript JSX", 0, 0, 0, 51, 0, 0, 0, 0, 0, 4, 55
"/Users/akkaracha/Developer/moota-website/src/components/BadgeCustom.tsx", "TypeScript JSX", 0, 0, 0, 18, 0, 0, 0, 0, 0, 4, 22
"/Users/akkaracha/Developer/moota-website/src/components/CommentCard.tsx", "TypeScript JSX", 0, 0, 0, 27, 0, 0, 0, 0, 0, 6, 33
"/Users/akkaracha/Developer/moota-website/src/components/ContactSection.tsx", "TypeScript JSX", 0, 0, 0, 108, 0, 0, 0, 0, 0, 7, 115
"/Users/akkaracha/Developer/moota-website/src/components/CustomerReviewSection.tsx", "TypeScript JSX", 0, 0, 0, 54, 0, 0, 0, 0, 0, 4, 58
"/Users/akkaracha/Developer/moota-website/src/components/Hamburger.tsx", "TypeScript JSX", 0, 0, 0, 206, 0, 0, 0, 0, 0, 15, 221
"/Users/akkaracha/Developer/moota-website/src/components/HeaderSection.tsx", "TypeScript JSX", 0, 0, 0, 33, 0, 0, 0, 0, 0, 5, 38
"/Users/akkaracha/Developer/moota-website/src/components/HeroSection.tsx", "TypeScript JSX", 0, 0, 0, 70, 0, 0, 0, 0, 0, 6, 76
"/Users/akkaracha/Developer/moota-website/src/components/MenuAdmin.tsx", "TypeScript JSX", 0, 0, 0, 98, 0, 0, 0, 0, 0, 5, 103
"/Users/akkaracha/Developer/moota-website/src/components/Navbar.tsx", "TypeScript JSX", 0, 0, 0, 79, 0, 0, 0, 0, 0, 5, 84
"/Users/akkaracha/Developer/moota-website/src/components/NavbarAdmin.tsx", "TypeScript JSX", 0, 0, 0, 33, 0, 0, 0, 0, 0, 4, 37
"/Users/akkaracha/Developer/moota-website/src/components/OauthButton.tsx", "TypeScript JSX", 0, 0, 0, 27, 0, 0, 0, 0, 0, 3, 30
"/Users/akkaracha/Developer/moota-website/src/components/PageLoader.tsx", "TypeScript JSX", 0, 0, 0, 16, 0, 0, 0, 0, 0, 3, 19
"/Users/akkaracha/Developer/moota-website/src/components/PageWrapper.tsx", "TypeScript JSX", 0, 0, 0, 9, 0, 0, 0, 0, 0, 3, 12
"/Users/akkaracha/Developer/moota-website/src/components/ProfileNavbar.tsx", "TypeScript JSX", 0, 0, 0, 80, 0, 0, 0, 0, 0, 3, 83
"/Users/akkaracha/Developer/moota-website/src/components/SeperateLine.tsx", "TypeScript JSX", 0, 0, 0, 6, 0, 0, 0, 0, 0, 3, 9
"/Users/akkaracha/Developer/moota-website/src/components/Sidebar.tsx", "TypeScript JSX", 0, 0, 0, 142, 0, 0, 0, 0, 0, 10, 152
"/Users/akkaracha/Developer/moota-website/src/components/Skeleton/ProfileSkeleton.tsx", "TypeScript JSX", 0, 0, 0, 10, 0, 0, 0, 0, 0, 3, 13
"/Users/akkaracha/Developer/moota-website/src/components/TextCardInfo.tsx", "TypeScript JSX", 0, 0, 0, 68, 0, 0, 0, 0, 0, 2, 70
"/Users/akkaracha/Developer/moota-website/src/components/TextHeader.tsx", "TypeScript JSX", 0, 0, 0, 6, 0, 0, 0, 0, 0, 3, 9
"/Users/akkaracha/Developer/moota-website/src/components/charts/BarMultipleChart.tsx", "TypeScript JSX", 0, 0, 0, 99, 0, 0, 0, 0, 1, 7, 107
"/Users/akkaracha/Developer/moota-website/src/components/charts/LineChartLabel.tsx", "TypeScript JSX", 0, 0, 0, 104, 0, 0, 0, 0, 0, 8, 112
"/Users/akkaracha/Developer/moota-website/src/components/inputs/CalendarRange.tsx", "TypeScript JSX", 0, 0, 0, 67, 0, 0, 0, 0, 3, 6, 76
"/Users/akkaracha/Developer/moota-website/src/components/inputs/DateTimeWithLabel.tsx", "TypeScript JSX", 0, 0, 0, 182, 0, 0, 0, 0, 4, 11, 197
"/Users/akkaracha/Developer/moota-website/src/components/inputs/ImageInput.tsx", "TypeScript JSX", 0, 0, 0, 69, 0, 0, 0, 0, 2, 5, 76
"/Users/akkaracha/Developer/moota-website/src/components/inputs/InputWithLabel.tsx", "TypeScript JSX", 0, 0, 0, 67, 0, 0, 0, 0, 0, 5, 72
"/Users/akkaracha/Developer/moota-website/src/components/inputs/SelectWithLabel.tsx", "TypeScript JSX", 0, 0, 0, 77, 0, 0, 0, 0, 0, 4, 81
"/Users/akkaracha/Developer/moota-website/src/components/ui/alert-dialog.tsx", "TypeScript JSX", 0, 0, 0, 143, 0, 0, 0, 0, 0, 15, 158
"/Users/akkaracha/Developer/moota-website/src/components/ui/badge.tsx", "TypeScript JSX", 0, 0, 0, 41, 0, 0, 0, 0, 0, 6, 47
"/Users/akkaracha/Developer/moota-website/src/components/ui/button.tsx", "TypeScript JSX", 0, 0, 0, 57, 0, 0, 0, 0, 0, 6, 63
"/Users/akkaracha/Developer/moota-website/src/components/ui/calendar.tsx", "TypeScript JSX", 0, 0, 0, 200, 0, 0, 0, 0, 0, 11, 211
"/Users/akkaracha/Developer/moota-website/src/components/ui/card.tsx", "TypeScript JSX", 0, 0, 0, 83, 0, 0, 0, 0, 0, 10, 93
"/Users/akkaracha/Developer/moota-website/src/components/ui/chart.tsx", "TypeScript JSX", 0, 0, 0, 315, 0, 0, 0, 0, 2, 37, 354
"/Users/akkaracha/Developer/moota-website/src/components/ui/dialog.tsx", "TypeScript JSX", 0, 0, 0, 130, 0, 0, 0, 0, 0, 14, 144
"/Users/akkaracha/Developer/moota-website/src/components/ui/dropdown-menu.tsx", "TypeScript JSX", 0, 0, 0, 239, 0, 0, 0, 0, 0, 19, 258
"/Users/akkaracha/Developer/moota-website/src/components/ui/form.tsx", "TypeScript JSX", 0, 0, 0, 143, 0, 0, 0, 0, 0, 25, 168
"/Users/akkaracha/Developer/moota-website/src/components/ui/input.tsx", "TypeScript JSX", 0, 0, 0, 18, 0, 0, 0, 0, 0, 4, 22
"/Users/akkaracha/Developer/moota-website/src/components/ui/label.tsx", "TypeScript JSX", 0, 0, 0, 20, 0, 0, 0, 0, 0, 5, 25
"/Users/akkaracha/Developer/moota-website/src/components/ui/popover.tsx", "TypeScript JSX", 0, 0, 0, 41, 0, 0, 0, 0, 0, 8, 49
"/Users/akkaracha/Developer/moota-website/src/components/ui/select.tsx", "TypeScript JSX", 0, 0, 0, 172, 0, 0, 0, 0, 0, 14, 186
"/Users/akkaracha/Developer/moota-website/src/components/ui/sheet.tsx", "TypeScript JSX", 0, 0, 0, 126, 0, 0, 0, 0, 0, 14, 140
"/Users/akkaracha/Developer/moota-website/src/components/ui/skeleton.tsx", "TypeScript JSX", 0, 0, 0, 11, 0, 0, 0, 0, 0, 3, 14
"/Users/akkaracha/Developer/moota-website/src/components/ui/sonner.tsx", "TypeScript JSX", 0, 0, 0, 21, 0, 0, 0, 0, 0, 5, 26
"/Users/akkaracha/Developer/moota-website/src/components/ui/switch.tsx", "TypeScript JSX", 0, 0, 0, 27, 0, 0, 0, 0, 0, 5, 32
"/Users/akkaracha/Developer/moota-website/src/components/ui/table.tsx", "TypeScript JSX", 0, 0, 0, 105, 0, 0, 0, 0, 0, 12, 117
"/Users/akkaracha/Developer/moota-website/src/constant.ts", "TypeScript", 1, 0, 0, 0, 0, 0, 0, 0, 0, 1, 2
"/Users/akkaracha/Developer/moota-website/src/context/NavbarProvider.tsx", "TypeScript JSX", 0, 0, 0, 36, 0, 0, 0, 0, 1, 5, 42
"/Users/akkaracha/Developer/moota-website/src/context/QueryClientProvider.tsx", "TypeScript JSX", 0, 0, 0, 35, 0, 0, 0, 0, 13, 8, 56
"/Users/akkaracha/Developer/moota-website/src/database/db.ts", "TypeScript", 5, 0, 0, 0, 0, 0, 0, 0, 0, 2, 7
"/Users/akkaracha/Developer/moota-website/src/database/index.ts", "TypeScript", 52, 0, 0, 0, 0, 0, 0, 0, 1, 2, 55
"/Users/akkaracha/Developer/moota-website/src/database/schema/active.ts", "TypeScript", 55, 0, 0, 0, 0, 0, 0, 0, 0, 6, 61
"/Users/akkaracha/Developer/moota-website/src/database/schema/checkout.ts", "TypeScript", 63, 0, 0, 0, 0, 0, 0, 0, 0, 5, 68
"/Users/akkaracha/Developer/moota-website/src/database/schema/diningTable.ts", "TypeScript", 12, 0, 0, 0, 0, 0, 0, 0, 0, 2, 14
"/Users/akkaracha/Developer/moota-website/src/database/schema/import-export-history.ts", "TypeScript", 26, 0, 0, 0, 0, 0, 0, 0, 0, 3, 29
"/Users/akkaracha/Developer/moota-website/src/database/schema/order.ts", "TypeScript", 53, 0, 0, 0, 0, 0, 0, 0, 0, 5, 58
"/Users/akkaracha/Developer/moota-website/src/database/schema/pre-order.ts", "TypeScript", 65, 0, 0, 0, 0, 0, 0, 0, 0, 13, 78
"/Users/akkaracha/Developer/moota-website/src/database/schema/product.ts", "TypeScript", 13, 0, 0, 0, 0, 0, 0, 0, 0, 2, 15
"/Users/akkaracha/Developer/moota-website/src/features/(admin)/actives/api/use-get-actives.ts", "TypeScript", 17, 0, 0, 0, 0, 0, 0, 0, 0, 6, 23
"/Users/akkaracha/Developer/moota-website/src/features/(admin)/actives/components/TableActiveSection.tsx", "TypeScript JSX", 0, 0, 0, 88, 0, 0, 0, 0, 3, 8, 99
"/Users/akkaracha/Developer/moota-website/src/features/(admin)/actives/server/route.ts", "TypeScript", 70, 0, 0, 0, 0, 0, 0, 0, 0, 9, 79
"/Users/akkaracha/Developer/moota-website/src/features/(admin)/actives/types.ts", "TypeScript", 14, 0, 0, 0, 0, 0, 0, 0, 0, 1, 15
"/Users/akkaracha/Developer/moota-website/src/features/(admin)/checkout-history/api/use-get-checkout-history.ts", "TypeScript", 26, 0, 0, 0, 0, 0, 0, 0, 0, 7, 33
"/Users/akkaracha/Developer/moota-website/src/features/(admin)/checkout-history/api/use-get-checkouts-history.ts", "TypeScript", 23, 0, 0, 0, 0, 0, 0, 0, 0, 7, 30
"/Users/akkaracha/Developer/moota-website/src/features/(admin)/checkout-history/components/CheckoutHistoryCard.tsx", "TypeScript JSX", 0, 0, 0, 57, 0, 0, 0, 0, 0, 5, 62
"/Users/akkaracha/Developer/moota-website/src/features/(admin)/checkout-history/components/PaymentMethodBadge.tsx", "TypeScript JSX", 0, 0, 0, 27, 0, 0, 0, 0, 0, 4, 31
"/Users/akkaracha/Developer/moota-website/src/features/(admin)/checkout-history/server/route.ts", "TypeScript", 152, 0, 0, 0, 0, 0, 0, 0, 0, 18, 170
"/Users/akkaracha/Developer/moota-website/src/features/(admin)/checkout-history/types.ts", "TypeScript", 11, 0, 0, 0, 0, 0, 0, 0, 0, 1, 12
"/Users/akkaracha/Developer/moota-website/src/features/(admin)/checkout/api/use-create-checkout.ts", "TypeScript", 51, 0, 0, 0, 0, 0, 0, 0, 0, 9, 60
"/Users/akkaracha/Developer/moota-website/src/features/(admin)/checkout/api/use-get-checkout-orderLists.ts", "TypeScript", 21, 0, 0, 0, 0, 0, 0, 0, 0, 6, 27
"/Users/akkaracha/Developer/moota-website/src/features/(admin)/checkout/api/use-get-checkoutInfo.ts", "TypeScript", 21, 0, 0, 0, 0, 0, 0, 0, 0, 6, 27
"/Users/akkaracha/Developer/moota-website/src/features/(admin)/checkout/components/CheckoutStatusBadge.tsx", "TypeScript JSX", 0, 0, 0, 22, 0, 0, 0, 0, 0, 5, 27
"/Users/akkaracha/Developer/moota-website/src/features/(admin)/checkout/components/SelectedPaymentMethod.tsx", "TypeScript JSX", 0, 0, 0, 43, 0, 0, 0, 0, 0, 4, 47
"/Users/akkaracha/Developer/moota-website/src/features/(admin)/checkout/components/SelectedPeople.tsx", "TypeScript JSX", 0, 0, 0, 85, 0, 0, 0, 0, 0, 5, 90
"/Users/akkaracha/Developer/moota-website/src/features/(admin)/checkout/components/SelectedTable.tsx", "TypeScript JSX", 0, 0, 0, 43, 0, 0, 0, 0, 1, 6, 50
"/Users/akkaracha/Developer/moota-website/src/features/(admin)/checkout/components/TotalProductCard.tsx", "TypeScript JSX", 0, 0, 0, 18, 0, 0, 0, 0, 0, 4, 22
"/Users/akkaracha/Developer/moota-website/src/features/(admin)/checkout/schemas.ts", "TypeScript", 27, 0, 0, 0, 0, 0, 0, 0, 0, 5, 32
"/Users/akkaracha/Developer/moota-website/src/features/(admin)/checkout/server/route.ts", "TypeScript", 280, 0, 0, 0, 0, 0, 0, 0, 3, 34, 317
"/Users/akkaracha/Developer/moota-website/src/features/(admin)/checkout/types.ts", "TypeScript", 30, 0, 0, 0, 0, 0, 0, 0, 0, 7, 37
"/Users/akkaracha/Developer/moota-website/src/features/(admin)/import-export/api/use-add-import-export-product.ts", "TypeScript", 49, 0, 0, 0, 0, 0, 0, 0, 0, 7, 56
"/Users/akkaracha/Developer/moota-website/src/features/(admin)/import-export/api/use-get-history.ts", "TypeScript", 23, 0, 0, 0, 0, 0, 0, 0, 0, 7, 30
"/Users/akkaracha/Developer/moota-website/src/features/(admin)/import-export/api/use-get-import-export-product.ts", "TypeScript", 23, 0, 0, 0, 0, 0, 0, 0, 0, 7, 30
"/Users/akkaracha/Developer/moota-website/src/features/(admin)/import-export/components/HistoryProductCard.tsx", "TypeScript JSX", 0, 0, 0, 32, 0, 0, 0, 0, 0, 3, 35
"/Users/akkaracha/Developer/moota-website/src/features/(admin)/import-export/components/ImportExportProduct.tsx", "TypeScript JSX", 0, 0, 0, 234, 0, 0, 0, 0, 2, 16, 252
"/Users/akkaracha/Developer/moota-website/src/features/(admin)/import-export/schemas.ts", "TypeScript", 22, 0, 0, 0, 0, 0, 0, 0, 0, 3, 25
"/Users/akkaracha/Developer/moota-website/src/features/(admin)/import-export/server/route.ts", "TypeScript", 158, 0, 0, 0, 0, 0, 0, 0, 3, 20, 181
"/Users/akkaracha/Developer/moota-website/src/features/(admin)/import-export/types.ts", "TypeScript", 10, 0, 0, 0, 0, 0, 0, 0, 0, 1, 11
"/Users/akkaracha/Developer/moota-website/src/features/(admin)/orders/api/use-create-order.ts", "TypeScript", 42, 0, 0, 0, 0, 0, 0, 0, 0, 8, 50
"/Users/akkaracha/Developer/moota-website/src/features/(admin)/orders/api/use-get-activeInfo-tableNumber.ts", "TypeScript", 24, 0, 0, 0, 0, 0, 0, 0, 0, 7, 31
"/Users/akkaracha/Developer/moota-website/src/features/(admin)/orders/api/use-get-order-history-activeInfoId.ts", "TypeScript", 21, 0, 0, 0, 0, 0, 0, 0, 0, 7, 28
"/Users/akkaracha/Developer/moota-website/src/features/(admin)/orders/api/use-get-product-drinks.ts", "TypeScript", 17, 0, 0, 0, 0, 0, 0, 0, 0, 7, 24
"/Users/akkaracha/Developer/moota-website/src/features/(admin)/orders/components/OrderHistoryCard.tsx", "TypeScript JSX", 0, 0, 0, 56, 0, 0, 0, 0, 1, 6, 63
"/Users/akkaracha/Developer/moota-website/src/features/(admin)/orders/components/OrderProductCard.tsx", "TypeScript JSX", 0, 0, 0, 141, 0, 0, 0, 0, 4, 12, 157
"/Users/akkaracha/Developer/moota-website/src/features/(admin)/orders/components/OrderProductSection.tsx", "TypeScript JSX", 0, 0, 0, 181, 0, 0, 0, 0, 7, 16, 204
"/Users/akkaracha/Developer/moota-website/src/features/(admin)/orders/schemas.ts", "TypeScript", 13, 0, 0, 0, 0, 0, 0, 0, 0, 3, 16
"/Users/akkaracha/Developer/moota-website/src/features/(admin)/orders/server/route.ts", "TypeScript", 175, 0, 0, 0, 0, 0, 0, 0, 0, 23, 198
"/Users/akkaracha/Developer/moota-website/src/features/(admin)/orders/types.ts", "TypeScript", 31, 0, 0, 0, 0, 0, 0, 0, 0, 5, 36
"/Users/akkaracha/Developer/moota-website/src/features/(admin)/pre-orders/api/use-create-active-from-order.ts", "TypeScript", 32, 0, 0, 0, 0, 0, 0, 0, 0, 8, 40
"/Users/akkaracha/Developer/moota-website/src/features/(admin)/pre-orders/api/use-get-admin-preOrder.ts", "TypeScript", 16, 0, 0, 0, 0, 0, 0, 0, 0, 6, 22
"/Users/akkaracha/Developer/moota-website/src/features/(admin)/pre-orders/api/use-get-admin-preOrders.ts", "TypeScript", 18, 0, 0, 0, 0, 0, 0, 0, 0, 7, 25
"/Users/akkaracha/Developer/moota-website/src/features/(admin)/pre-orders/components/ConfirmOrder.tsx", "TypeScript JSX", 0, 0, 0, 39, 0, 0, 0, 0, 0, 6, 45
"/Users/akkaracha/Developer/moota-website/src/features/(admin)/pre-orders/components/OrderCard.tsx", "TypeScript JSX", 0, 0, 0, 61, 0, 0, 0, 0, 0, 6, 67
"/Users/akkaracha/Developer/moota-website/src/features/(admin)/pre-orders/server/route.ts", "TypeScript", 235, 0, 0, 0, 0, 0, 0, 0, 37, 28, 300
"/Users/akkaracha/Developer/moota-website/src/features/(admin)/pre-orders/types.ts", "TypeScript", 19, 0, 0, 0, 0, 0, 0, 0, 0, 2, 21
"/Users/akkaracha/Developer/moota-website/src/features/(admin)/stocks/api/use-add-product-stock.ts", "TypeScript", 36, 0, 0, 0, 0, 0, 0, 0, 0, 7, 43
"/Users/akkaracha/Developer/moota-website/src/features/(admin)/stocks/api/use-get-limit-notification.ts", "TypeScript", 17, 0, 0, 0, 0, 0, 0, 0, 0, 7, 24
"/Users/akkaracha/Developer/moota-website/src/features/(admin)/stocks/api/use-get-product-stock.ts", "TypeScript", 21, 0, 0, 0, 0, 0, 0, 0, 0, 7, 28
"/Users/akkaracha/Developer/moota-website/src/features/(admin)/stocks/api/use-get-products-stock.ts", "TypeScript", 17, 0, 0, 0, 0, 0, 0, 0, 0, 7, 24
"/Users/akkaracha/Developer/moota-website/src/features/(admin)/stocks/api/use-update-product-stock.ts", "TypeScript", 43, 0, 0, 0, 0, 0, 0, 0, 0, 6, 49
"/Users/akkaracha/Developer/moota-website/src/features/(admin)/stocks/components/AddStockProductForm.tsx", "TypeScript JSX", 0, 0, 0, 167, 0, 0, 0, 0, 0, 8, 175
"/Users/akkaracha/Developer/moota-website/src/features/(admin)/stocks/components/LimitNotification.tsx", "TypeScript JSX", 0, 0, 0, 73, 0, 0, 0, 0, 1, 9, 83
"/Users/akkaracha/Developer/moota-website/src/features/(admin)/stocks/components/StockProductTable.tsx", "TypeScript JSX", 0, 0, 0, 246, 0, 0, 0, 0, 2, 17, 265
"/Users/akkaracha/Developer/moota-website/src/features/(admin)/stocks/hooks/get-productId.ts", "TypeScript", 6, 0, 0, 0, 0, 0, 0, 0, 0, 2, 8
"/Users/akkaracha/Developer/moota-website/src/features/(admin)/stocks/schemas.ts", "TypeScript", 44, 0, 0, 0, 0, 0, 0, 0, 0, 7, 51
"/Users/akkaracha/Developer/moota-website/src/features/(admin)/stocks/server/route.ts", "TypeScript", 219, 0, 0, 0, 0, 0, 0, 0, 0, 25, 244
"/Users/akkaracha/Developer/moota-website/src/features/(admin)/stocks/types.ts", "TypeScript", 1, 0, 0, 0, 0, 0, 0, 0, 0, 1, 2
"/Users/akkaracha/Developer/moota-website/src/features/(admin)/tables/api/use-create-admin-tables.ts", "TypeScript", 31, 0, 0, 0, 0, 0, 0, 0, 0, 7, 38
"/Users/akkaracha/Developer/moota-website/src/features/(admin)/tables/api/use-get-admin-tables.ts", "TypeScript", 16, 0, 0, 0, 0, 0, 0, 0, 0, 6, 22
"/Users/akkaracha/Developer/moota-website/src/features/(admin)/tables/components/AddTableForm.tsx", "TypeScript JSX", 0, 0, 0, 166, 0, 0, 0, 0, 0, 11, 177
"/Users/akkaracha/Developer/moota-website/src/features/(admin)/tables/components/TableCard.tsx", "TypeScript JSX", 0, 0, 0, 46, 0, 0, 0, 0, 2, 4, 52
"/Users/akkaracha/Developer/moota-website/src/features/(admin)/tables/schema.ts", "TypeScript", 30, 0, 0, 0, 0, 0, 0, 0, 0, 6, 36
"/Users/akkaracha/Developer/moota-website/src/features/(admin)/tables/server/route.ts", "TypeScript", 97, 0, 0, 0, 0, 0, 0, 0, 1, 12, 110
"/Users/akkaracha/Developer/moota-website/src/features/(admin)/tables/type.ts", "TypeScript", 4, 0, 0, 0, 0, 0, 0, 0, 0, 1, 5
"/Users/akkaracha/Developer/moota-website/src/features/(client)/pre-orders/api/use-get-preOrders.ts", "TypeScript", 17, 0, 0, 0, 0, 0, 0, 0, 0, 7, 24
"/Users/akkaracha/Developer/moota-website/src/features/(client)/pre-orders/components/PreOrderCard.tsx", "TypeScript JSX", 0, 0, 0, 86, 0, 0, 0, 0, 0, 6, 92
"/Users/akkaracha/Developer/moota-website/src/features/(client)/pre-orders/server/route.ts", "TypeScript", 84, 0, 0, 0, 0, 0, 0, 0, 0, 12, 96
"/Users/akkaracha/Developer/moota-website/src/features/(client)/pre-orders/types.ts", "TypeScript", 20, 0, 0, 0, 0, 0, 0, 0, 0, 2, 22
"/Users/akkaracha/Developer/moota-website/src/features/(client)/reservation/api/use-create-reservation.ts", "TypeScript", 43, 0, 0, 0, 0, 0, 0, 0, 0, 6, 49
"/Users/akkaracha/Developer/moota-website/src/features/(client)/reservation/api/use-get-reservation.ts", "TypeScript", 20, 0, 0, 0, 0, 0, 0, 0, 0, 6, 26
"/Users/akkaracha/Developer/moota-website/src/features/(client)/reservation/api/use-get-tables.ts", "TypeScript", 16, 0, 0, 0, 0, 0, 0, 0, 0, 6, 22
"/Users/akkaracha/Developer/moota-website/src/features/(client)/reservation/api/use-update-paymentImage.ts", "TypeScript", 41, 0, 0, 0, 0, 0, 0, 0, 0, 7, 48
"/Users/akkaracha/Developer/moota-website/src/features/(client)/reservation/components/ReservationDetail.tsx", "TypeScript JSX", 0, 0, 0, 97, 0, 0, 0, 0, 0, 11, 108
"/Users/akkaracha/Developer/moota-website/src/features/(client)/reservation/components/ReservationStatus.tsx", "TypeScript JSX", 0, 0, 0, 73, 0, 0, 0, 0, 0, 9, 82
"/Users/akkaracha/Developer/moota-website/src/features/(client)/reservation/components/TableReservation.tsx", "TypeScript JSX", 0, 0, 0, 146, 0, 0, 0, 0, 2, 12, 160
"/Users/akkaracha/Developer/moota-website/src/features/(client)/reservation/hooks/get-preOrderId.ts", "TypeScript", 6, 0, 0, 0, 0, 0, 0, 0, 0, 2, 8
"/Users/akkaracha/Developer/moota-website/src/features/(client)/reservation/schema.ts", "TypeScript", 37, 0, 0, 0, 0, 0, 0, 0, 0, 4, 41
"/Users/akkaracha/Developer/moota-website/src/features/(client)/reservation/server/route.ts", "TypeScript", 237, 0, 0, 0, 0, 0, 0, 0, 0, 27, 264
"/Users/akkaracha/Developer/moota-website/src/features/(owner)/dashboard/api/use-get-total-count-infomation.ts", "TypeScript", 26, 0, 0, 0, 0, 0, 0, 0, 0, 7, 33
"/Users/akkaracha/Developer/moota-website/src/features/(owner)/dashboard/api/use-get-total-customer.ts", "TypeScript", 29, 0, 0, 0, 0, 0, 0, 0, 0, 7, 36
"/Users/akkaracha/Developer/moota-website/src/features/(owner)/dashboard/api/use-get-total-income-outcome.ts", "TypeScript", 29, 0, 0, 0, 0, 0, 0, 0, 0, 7, 36
"/Users/akkaracha/Developer/moota-website/src/features/(owner)/dashboard/components/CustomerSection.tsx", "TypeScript JSX", 0, 0, 0, 27, 0, 0, 0, 0, 0, 4, 31
"/Users/akkaracha/Developer/moota-website/src/features/(owner)/dashboard/components/DateRangeControl.tsx", "TypeScript JSX", 0, 0, 0, 111, 0, 0, 0, 0, 1, 9, 121
"/Users/akkaracha/Developer/moota-website/src/features/(owner)/dashboard/components/IncomeOutComeSections.tsx", "TypeScript JSX", 0, 0, 0, 38, 0, 0, 0, 0, 0, 4, 42
"/Users/akkaracha/Developer/moota-website/src/features/(owner)/dashboard/components/TotalCardSection.tsx", "TypeScript JSX", 0, 0, 0, 80, 0, 0, 0, 0, 0, 7, 87
"/Users/akkaracha/Developer/moota-website/src/features/(owner)/dashboard/schemas.ts", "TypeScript", 6, 0, 0, 0, 0, 0, 0, 0, 0, 2, 8
"/Users/akkaracha/Developer/moota-website/src/features/(owner)/dashboard/server/route.ts", "TypeScript", 210, 0, 0, 0, 0, 0, 0, 0, 2, 25, 237
"/Users/akkaracha/Developer/moota-website/src/features/(owner)/dashboard/types.ts", "TypeScript", 21, 0, 0, 0, 0, 0, 0, 0, 0, 4, 25
"/Users/akkaracha/Developer/moota-website/src/features/auth/api/use-get-current-user.ts", "TypeScript", 18, 0, 0, 0, 0, 0, 0, 0, 0, 5, 23
"/Users/akkaracha/Developer/moota-website/src/features/auth/components/SignInForm.tsx", "TypeScript JSX", 0, 0, 0, 131, 0, 0, 0, 0, 2, 11, 144
"/Users/akkaracha/Developer/moota-website/src/features/auth/components/SignUpForm.tsx", "TypeScript JSX", 0, 0, 0, 131, 0, 0, 0, 0, 2, 11, 144
"/Users/akkaracha/Developer/moota-website/src/features/auth/server/route.ts", "TypeScript", 39, 0, 0, 0, 0, 0, 0, 0, 0, 6, 45
"/Users/akkaracha/Developer/moota-website/src/lib/KindeAuthProvider.tsx", "TypeScript JSX", 0, 0, 0, 5, 0, 0, 0, 0, 0, 2, 7
"/Users/akkaracha/Developer/moota-website/src/lib/cloudinary.ts", "TypeScript", 9, 0, 0, 0, 0, 0, 0, 0, 0, 3, 12
"/Users/akkaracha/Developer/moota-website/src/lib/generateOrderNumber.ts", "TypeScript", 4, 0, 0, 0, 0, 0, 0, 0, 0, 1, 5
"/Users/akkaracha/Developer/moota-website/src/lib/rpc.ts", "TypeScript", 5, 0, 0, 0, 0, 0, 0, 0, 1, 2, 8
"/Users/akkaracha/Developer/moota-website/src/lib/utils.ts", "TypeScript", 5, 0, 0, 0, 0, 0, 0, 0, 0, 2, 7
"/Users/akkaracha/Developer/moota-website/src/middleware.ts", "TypeScript", 53, 0, 0, 0, 0, 0, 0, 0, 3, 13, 69
"/Users/akkaracha/Developer/moota-website/src/services/checkIfActiveClosed.ts", "TypeScript", 13, 0, 0, 0, 0, 0, 0, 0, 0, 3, 16
"/Users/akkaracha/Developer/moota-website/src/services/groupData.ts", "TypeScript", 22, 0, 0, 0, 0, 0, 0, 0, 0, 4, 26
"/Users/akkaracha/Developer/moota-website/src/services/groupedProductOrders.ts", "TypeScript", 0, 0, 0, 0, 0, 0, 0, 0, 0, 1, 1
"/Users/akkaracha/Developer/moota-website/src/services/mapHistoryDateToRecord.ts", "TypeScript", 9, 0, 0, 0, 0, 0, 0, 0, 1, 1, 11
"/Users/akkaracha/Developer/moota-website/src/services/middleware-hono.ts", "TypeScript", 52, 0, 0, 0, 0, 0, 0, 0, 0, 8, 60
"/Users/akkaracha/Developer/moota-website/tsconfig.json", "JSON with Comments", 0, 27, 0, 0, 0, 0, 0, 0, 0, 1, 28
"Total", "-", 3736, 686, 16, 8662, 135, 6266, 23, 5, 150, 2086, 21765